thtrhw,5146999460,12,r2,o1,@fgsrh44,,vftvbyubhrtc
thtrhw,514-699-9460,12,r2,o1,@fgsrh44,,4t4wyuherujtr
thtrhw,514-699-9460,12,r1,o1,@fgsrh44,20180413104534_ugtim.jpg,rtyujk
thtrhw,5146999460,14,r2,o1,@fgsrh44,20180801074800_rkmns.jpg,dhbxcxjnmc
thtrhw,514-699-9460,12,r2,o1,@fgsrh44,20180801074728_pfmzv.jpg,hfkfhkfhkfy
thtrhw,5146999460,14,r2,o3,@fgsrh44,20180801074800_rkmns.jpg,yglutgl
thtrhw,5146999460,14,r2,o3,@fgsrh44,20181021000039_trghm.jpg,rhrejhethjet
thtrhw,5146999460,14,r2,o1,@fgsrh44,20180801074800_rkmns.jpg,jurykjrykyky
fhdg,5146999460,17,r2,o1,@bjkn18,,"hmfmgj,hj,kjh,jkgjhf,"
fhdg,5146999460,17,r1,o1,@bjkn18,,yhrdhjdrjtfj
